{"cameraMode":{"drawMode":0,"name":"Shaded","section":"Shading Mode"},"sceneLighting":false,"audioPlay":false,"sceneViewState":{"showFog":false,"showMaterialUpdate":false,"showSkybox":false,"showFlares":false,"showImageEffects":false,"showParticleSystems":false},"in2DMode":false,"pivot":{"x":-0.031177861616015435,"y":4.520912170410156,"z":-0.6983528137207031},"rotation":{"x":-0.005081771407276392,"y":0.9872973561286926,"z":-0.15559352934360505,"w":-0.032298166304826739},"size":0.28578877449035647,"orthographic":false}