{"cameraMode":{"drawMode":0,"name":"Shaded","section":"Shading Mode"},"sceneLighting":true,"audioPlay":false,"sceneViewState":{"showFog":false,"showMaterialUpdate":false,"showSkybox":false,"showFlares":false,"showImageEffects":false,"showParticleSystems":false},"in2DMode":false,"pivot":{"x":-0.48430243134498598,"y":5.024934768676758,"z":-0.3582735061645508},"rotation":{"x":-0.005081771407276392,"y":0.9872973561286926,"z":-0.15559352934360505,"w":-0.032298166304826739},"size":12.797552108764649,"orthographic":false}